<?xml version="1.0" encoding="UTF-8"?>
<!--
  ~ Copyright 2017 IntraFind Software AG. All rights reserved.
  ~
  ~ Licensed under the Apache License, Version 2.0 (the "License");
  ~ you may not use this file except in compliance with the License.
  ~ You may obtain a copy of the License at
  ~
  ~     http://www.apache.org/licenses/LICENSE-2.0
  ~
  ~ Unless required by applicable law or agreed to in writing, software
  ~ distributed under the License is distributed on an "AS IS" BASIS,
  ~ WITHOUT WARRANTIES OR CONDITIONS OF ANY KIND, either express or implied.
  ~ See the License for the specific language governing permissions and
  ~ limitations under the License.
  -->

<messagebundle>
    <msg name="gadget_title">Site Search</msg>
    <msg name="gadget_description">Search throughout your page</msg>
    <msg name="gadget_thumbnail">https://www.intrafind.de/system/themes/intrafind/_img/logo.png</msg>
    <msg name="gadget_screenshot">https://www.intrafind.de/system/themes/intrafind/_img/logo.png</msg>
</messagebundle>